scope,model,resampling,split,precision,recall,f1,roc_auc,pr_auc
combined,logistic_regression,none,test,0.5284725918041512,0.7180043383947939,0.6088289393010423,0.5333523970026046,0.5414797130817265
intraday,logistic_regression,none,test,0.5256087321578505,0.6042471042471043,0.5621912887292322,0.5047101042951665,0.5251507510738512
overnight,random_forest_tuned,none,test,0.5080645161290323,0.7659574468085106,0.610909090909091,0.5130644972175371,0.5032513265851946
